id,file_name,label,name_gui,short_code,name_short,collection_1,collection_2,collection_3,meas_rt60,fade_start,low_rt60,f_crossover,order_crossover,version,folder,gdrive_link,alternative_link,ghub_link,description,notes,source_dataset,citation,citation_link,name_short_original,name_src_original
AS-001,AS-001,"Audio Lab, University of Rostock","Audio Lab, University of Rostock - AS-001",Audio-Lab,Audio-Lab-AS-001,Research Datasets,Low Reverberation,,305,320,Yes,120,9,1.0.3,datasets,,,,"Audio Lab of the Institute of Communications Engineering, University of Rostock ",Multiple absorber configurations used,Database of single-channel and binaural room impulse responses (RIRs and BRIRs) of a 64-channel loudspeaker array for dierent room congurations ,"V. Erbes, M. Geier, S. Weinzierl, and S. Spors, ""Single-channel and binaural room impulse responses of a 64-channel loudspeaker array for different room conﬁgurations"". depositonce, 21-Apr-2015",http://dx.doi.org/10.14279/depositonce-87,Audio-Lab-A,audio_lab_a
AS-002,AS-002,"Audio Lab, University of Rostock","Audio Lab, University of Rostock - AS-002",Audio-Lab,Audio-Lab-AS-002,Research Datasets,Low Reverberation,,413,700,Yes,110,10,1.0.5,datasets,,,,"Audio Lab of the Institute of Communications Engineering, University of Rostock ",Multiple absorber configurations used,Database of single-channel and binaural room impulse responses (RIRs and BRIRs) of a 64-channel loudspeaker array for dierent room congurations ,"V. Erbes, M. Geier, S. Weinzierl, and S. Spors, ""Single-channel and binaural room impulse responses of a 64-channel loudspeaker array for different room conﬁgurations"". depositonce, 21-Apr-2015",http://dx.doi.org/10.14279/depositonce-87,Audio-Lab-B,audio_lab_b
AS-003,AS-003,University Building,University Building - AS-003,Uni,Uni-AS-001,Research Datasets,,,2894,0,No,110,9,1.0.5,datasets,,,,Derived from multiple measurement locations including stairways and hallways,Derived from stairway and hallway measurements,Spatial Room Impulse Response Dataset: A Robot's Journey Through Coupled Rooms of a Reverberant University Building,"G. Stolz, G. Götz, L. Treybig, S. Wernerand F. Klein, ‘Spatial Room Impulse Response Dataset: A Robot's Journey Through Coupled Rooms of a Reverberant University Building’. Zenodo, Oct. 24, 2024. doi: 10.5281/zenodo.13987509. ",https://doi.org/10.5281/zenodo.13987509 ,Atrium-A,atrium_a
AS-004,AS-004,"Atrium, openAIR","Atrium, openAIR - AS-004",Atrium,Atrium-AS-004,openAIR Library,,,1282,0,Yes,100,9,1.0.5,datasets,,,,"Spring Lane Building, University of York",,openAIR Library,Attributed to www.openairlib.net,https://www.openair.hosted.york.ac.uk/,Atrium-B,atrium_b
AS-005,AS-005,"Acoustics Lab, Motus","Acoustics Lab, Motus - AS-005",Ac-Lab,Ac-Lab-AS-005,Research Datasets,Low Reverberation,,508,530,Yes,120,9,1.0.3,datasets,,,,Room with varying furniture,,Motus: A dataset of higher-order Ambisonic room impulse responses and 3D models measured in a room with varying furniture,"G. Götz, S. J. Schlechtand V. Pulkki, ‘Motus: A dataset of higher-order Ambisonic room impulse responses and 3D models measured in a room with varying furniture’. Zenodo, Jun. 10, 2021. doi: 10.5281/zenodo.4923187.",https://doi.org/10.5281/zenodo.4923187 ,Audio-Lab-C,audio_lab_c
AS-006,AS-006,"Acoustics Lab, dEchorate","Acoustics Lab, dEchorate - AS-006",Ac-Lab,Ac-Lab-AS-006,Research Datasets,Low Reverberation,,193,400,Yes,130,8,1.0.3,datasets,,,,Cuboid room with varying wall acoustic profiles,,The dEchorate dataset,"D. Di Carlo, P. Tandeitnik, C. Foy, N. Bertin, A. Deleforgeand S. Gannot, ‘The dEchorate dataset’. Zenodo, Mar. 22, 2021. doi: 10.5281/zenodo.5562386.",https://doi.org/10.5281/zenodo.4626590 ,Audio-Lab-D,audio_lab_d
AS-007,AS-007,"Acoustics Lab, MYRiAD","Acoustics Lab, MYRiAD - AS-007",Ac-Lab,Ac-Lab-AS-007,Research Datasets,Low Reverberation,,442,410,Yes,120,9,1.0.3,datasets,,,,Alamire Interactive Laboratory (AIL),,MYRiAD: A Multi-Array Room Acoustic Database,"T. Dietzen, R. Ali, M. Taseskaand T. van Waterschoot, ‘Data Repository for MYRiAD: A Multi-Array Room Acoustic Database’. Zenodo, Nov. 17, 2022. doi: 10.5281/zenodo.7389996.",,Audio-Lab-E,audio_lab_e
AS-008,AS-008,"Acoustics Lab, RWCP","Acoustics Lab, RWCP - AS-008",Ac-Lab,Ac-Lab-AS-008,Research Datasets,,,631,800,Yes,120,9,1.0.5,datasets,,,,Room with varying wall acoustic profiles,,RWCP Real Environment Speech and Acoustic Database (RWCP-SSD).,"Real World Computing Partnership (2007): RWCP Real Environment Speech and Acoustic Database (RWCP-SSD). Speech Resources Consortium, National Institute of Informatics. (dataset). https://doi.org/10.32130/src.RWCP-SSD",https://doi.org/10.32130/src.RWCP-SSD,Audio-Lab-F,audio_lab_f
AS-009,AS-009,"Acoustics Lab, Aalto University","Acoustics Lab, Aalto University - AS-009",Ac-Lab,Ac-Lab-AS-009,Research Datasets,Low Reverberation,,360,450,Yes,100,9,1.0.5,datasets,,,,"Arni variable acoustics room at the Acoustics Lab, Aalto University, Espoo, Finland - 100% Absorbers",,Dataset of Spatial Room Impulse Responses in a Variable Acoustics Room for Six Degrees-of-Freedom Rendering and Analysis,"Thomas McKenzie, Leo McCormackand Christoph Hold, ‘Dataset of Spatial Room Impulse Responses in a Variable Acoustics Room for Six Degrees-of-Freedom Rendering and Analysis’. Zenodo, Mar. 24, 2022. doi: 10.5281/zenodo.6382405.",,Audio-Lab-G,audio_lab_g
AS-010,AS-010,"Acoustics Lab, Aalto University","Acoustics Lab, Aalto University - AS-010",Ac-Lab,Ac-Lab-AS-010,Research Datasets,Low Reverberation,,528,700,Yes,100,9,1.0.5,datasets,,,,"Arni variable acoustics room at the Acoustics Lab, Aalto University, Espoo, Finland - 50% Absorbers",,Dataset of Spatial Room Impulse Responses in a Variable Acoustics Room for Six Degrees-of-Freedom Rendering and Analysis,"Thomas McKenzie, Leo McCormackand Christoph Hold, ‘Dataset of Spatial Room Impulse Responses in a Variable Acoustics Room for Six Degrees-of-Freedom Rendering and Analysis’. Zenodo, Mar. 24, 2022. doi: 10.5281/zenodo.6382405.",,Audio-Lab-H,audio_lab_h
AS-011,AS-011,"Acoustics Lab, Aalto University","Acoustics Lab, Aalto University - AS-011",Ac-Lab,Ac-Lab-AS-011,Research Datasets,Low Reverberation,,539,700,Yes,100,9,1.0.5,datasets,,,,"Arni variable acoustics room at the Acoustics Lab, Aalto University, Espoo, Finland - 50% Absorbers",,Dataset of Spatial Room Impulse Responses in a Variable Acoustics Room for Six Degrees-of-Freedom Rendering and Analysis,"Thomas McKenzie, Leo McCormackand Christoph Hold, ‘Dataset of Spatial Room Impulse Responses in a Variable Acoustics Room for Six Degrees-of-Freedom Rendering and Analysis’. Zenodo, Mar. 24, 2022. doi: 10.5281/zenodo.6382405.",,Audio-Lab-I,audio_lab_i
AS-012,AS-012,"School room, EduRa","School room, EduRa - AS-012",School-Rm,School-Rm-AS-012,Research Datasets,,,1455,0,Yes,130,8,1.0.1,datasets,,,,School room from the EduRa database,,EduRa database,"Karin Loh, Julian Burger, Lukas Aspöckand Janina Fels, ‘EduRa database: room models based on room acoustic measurements in primary and preschools’. Zenodo, Aug. 02, 2021. doi: 10.5281/zenodo.5747086.",https://doi.org/10.5281/zenodo.5747086,Auditorium-A,auditorium_a
AS-013,AS-013,"Auditorium, openAIR","Auditorium, openAIR - AS-013",Auditorium,Auditorium-AS-013,openAIR Library,Low Reverberation,,346,0,Yes,100,9,1.0.6,datasets,,,,Arthur sykes rymer auditorium university york,,openAIR Library,Attributed to www.openairlib.net,https://www.openair.hosted.york.ac.uk/,Auditorium-B,auditorium_b
AS-014,AS-014,"Auditorium, ODEON","Auditorium, ODEON - AS-014",Auditorium,Auditorium-AS-014,Research Datasets,,,1213,0,Yes,90,9,1.0.6,datasets,,,,Auditorium 21 at the Technical University of Denmark (DTU),,ODEON Impulse response downloads,Attributed to https://odeon.dk/downloads/impulse-responses/#gsc.tab=0,https://odeon.dk/downloads/impulse-responses/#gsc.tab=0,Auditorium-C,auditorium_c
AS-015,AS-015,"Broadcast Studio, WDR","Broadcast Studio, WDR - AS-015",Bc-Studio,Bc-Studio-AS-015,Research Datasets,,,1183,1200,Yes,100,9,1.0.5,datasets,,,,WDR Broadcast Studios,Derived from rooms SBS and LBS,A Spatial Audio Impulse Response Compilation Captured at the WDR Broadcast Studios,"Stade, Bernschützand Rühl, ‘A Spatial Audio Impulse Response Compilation Captured at the WDR Broadcast Studios’. Zenodo, May 11, 2020. doi: 10.5281/zenodo.3930833.",doi: 10.5281/zenodo.3930833.,Bc-Studio-A,broadcast_studio_a
AS-016,AS-016,"Broadcast Studio, WDR","Broadcast Studio, WDR - AS-016",Bc-Studio,Bc-Studio-AS-016,Research Datasets,,,1241,1200,Yes,100,9,1.0.5,datasets,,,,WDR Broadcast Studios,Derived from rooms SBS and LBS,A Spatial Audio Impulse Response Compilation Captured at the WDR Broadcast Studios,"Stade, Bernschützand Rühl, ‘A Spatial Audio Impulse Response Compilation Captured at the WDR Broadcast Studios’. Zenodo, May 11, 2020. doi: 10.5281/zenodo.3930833.",doi: 10.5281/zenodo.3930833.,Bc-Studio-B,broadcast_studio_b
AS-017,AS-017,"Broadcast Studio, WDR","Broadcast Studio, WDR - AS-017",Bc-Studio,Bc-Studio-AS-017,Research Datasets,,,914,1200,Yes,100,9,1.0.0,datasets,,,,WDR Broadcast Studios,Derived from room SBS,A Spatial Audio Impulse Response Compilation Captured at the WDR Broadcast Studios,"Stade, Bernschützand Rühl, ‘A Spatial Audio Impulse Response Compilation Captured at the WDR Broadcast Studios’. Zenodo, May 11, 2020. doi: 10.5281/zenodo.3930833.",doi: 10.5281/zenodo.3930833.,Bc-Studio-C,broadcast_studio_c
AS-018,AS-018,"Stone Monument, openAIR","Stone Monument, openAIR - AS-018",Monument,Monument-AS-018,openAIR Library,,,1408,0,Yes,100,9,1.0.5,datasets,,,,Tyndall Bruce Monument,,openAIR Library,Attributed to www.openairlib.net,https://www.openair.hosted.york.ac.uk/,Chamber-A,chamber_a
AS-019,AS-019,"Council Chamber, openAIR","Council Chamber, openAIR - AS-019",Chamber,Chamber-AS-019,openAIR Library,,,730,0,Yes,90,9,1.0.6,datasets,,,,York Guildhall Council Chamber,,openAIR Library,Attributed to www.openairlib.net,https://www.openair.hosted.york.ac.uk/,Chamber-B,chamber_b
AS-020,AS-020,"Classroom, PAN-AR","Classroom, PAN-AR - AS-020",Classroom,Classroom-AS-020,Research Datasets,,,1147,0,Yes,90,9,1.0.5,datasets,,,,Classroom,,"PAN-AR: A Multimodal Dataset of Higher-Order Ambisonics Room Impulse Responses, Ambient Noise and Spherical Pictures","F. Denti, D. Fantini, F. Avanziniand G. Presti, ‘PAN-AR: A Multimodal Dataset of Higher-Order Ambisonics Room Impulse Responses, Ambient Noise and Spherical Pictures’. Zenodo, Dec. 08, 2024. doi: 10.5281/zenodo.13134270.",https://doi.org/10.5281/zenodo.13134270,Classroom,classroom_a
AS-021,AS-021,"Opera House, OperaRIR","Opera House, OperaRIR - AS-021",Opera,Opera-AS-021,Research Datasets,,,1599,0,No,110,8,1.0.5,datasets,,,,Main auditorium of the Finnish National Opera and Ballet (FNOB),"a modern-shaped horseshoe opera hall located in Helsinki, Finland",OperaRIR dataset ,"Benoit Alary and Archontis Politis, ‘OperaRIR’. Zenodo, Jul. 07, 2023. doi: 10.5281/zenodo.8096639.",https://doi.org/10.5281/zenodo.8096639,Concert-Hall-A,concert_hall_a
AS-022,AS-022,"Concert Hall, openAIR","Concert Hall, openAIR - AS-022",Concert,Concert-AS-022,openAIR Library,,,1386,0,Yes,100,9,1.0.6,datasets,,,,Jack Lyons Concert Hall (University of York),,openAIR Library,Attributed to www.openairlib.net,https://www.openair.hosted.york.ac.uk/,Concert-Hall-B,concert_hall_b
AS-023,AS-023,"Symphony Hall, openAIR","Symphony Hall, openAIR - AS-023",Hall,Hall-AS-023,openAIR Library,,,1526,0,Yes,100,9,1.0.5,datasets,,,,Usina del Arte Symphony Hall,,openAIR Library,Attributed to www.openairlib.net,https://www.openair.hosted.york.ac.uk/,Concert-Hall-C,concert_hall_c
AS-024,AS-024,"Concert Hall, Detmold","Concert Hall, Detmold - AS-024",Concert,Concert-AS-024,Research Datasets,,,1461,0,Yes,100,9,1.0.5,datasets,,,,"Detmold Konzerthaus (medium sized concert hall, ~600 seats).",,Open Database of Spatial Room Impulse Responses at Detmold University of Music,"Sebastia Vicenc Amengual Gari, Banu Sahin, Dusty Eddyand Malte Kob, ‘Open Database of Spatial Room Impulse Responses at Detmold University of Music’. Zenodo, Oct. 21, 2020. doi: 10.5281/zenodo.4116247.",https://doi.org/10.5281/zenodo.4116247,Concert-Hall-D,concert_hall_d
AS-025,AS-025,Small Conference Room,Small Conference Room - AS-025,Conference-Rm,Conference-Rm-AS-025,Research Datasets,Low Reverberation,,467,560,Yes,120,9,1.0.3,datasets,,,,Small conference room,,"Eigenmike-DRIRs, KEMAR 45BA-BRIRs, RIRs and 360° pictures captured at five positions of a small conference room","A. Neidhardt, C. Schneiderwind, F. Kleinand S. Fichna, ‘Dataset: Eigenmike-DRIRs, KEMAR 45BA-BRIRs, RIRs and 360° pictures captured at five positions of a small conference room’. Zenodo, Apr. 07, 2019. doi: 10.5281/zenodo.2593714.",https://doi.org/10.5281/zenodo.2593714,Conference-Rm-A,conference_room_a
AS-026,AS-026,"Conference Room, SOUNDCAM","Conference Room, SOUNDCAM - AS-026",Conference-Rm,Conference-Rm-AS-026,Research Datasets,Low Reverberation,,541,0,Yes,100,9,1.0.0,datasets,,,,untreated conference room with standard furniture ,,SOUNDCAM Dataset ,"Wang, M., Clarke, S., Wang, J., Gao, R., and Wu, J. (2023). SoundCam: A Dataset for Tasks in Tracking and Identifying Humans from Real Room Acoustics. Stanford Digital Repository. Available at https://purl.stanford.edu/xq364hd5023. ",https://doi.org/10.25740/xq364hd5023,Conference-Rm-B,conference_room_b
AS-027,AS-027,"Studio Control Room, WDR","Studio Control Room, WDR - AS-027",Control-Rm,Control-Rm-AS-027,Research Datasets,Low Reverberation,,260,400,Yes,120,9,1.0.3,datasets,,,,Studio Control Room at WDR Broadcast Studios,Derived from rooms CR1 and CR7,A Spatial Audio Impulse Response Compilation Captured at the WDR Broadcast Studios,"Stade, Bernschützand Rühl, ‘A Spatial Audio Impulse Response Compilation Captured at the WDR Broadcast Studios’. Zenodo, May 11, 2020. doi: 10.5281/zenodo.3930833.",,Control-Rm,control_room_a
AS-028,AS-028,"Courtyard, openAIR","Courtyard, openAIR - AS-028",Courtyard,Courtyard-AS-028,openAIR Library,,,1496,0,Yes,100,9,1.0.5,datasets,,,,Alcuin college university york,,openAIR Library,Attributed to www.openairlib.net,https://www.openair.hosted.york.ac.uk/,Courtyard,courtyard_a
AS-029,AS-029,"Foyer, openAIR","Foyer, openAIR - AS-029",Foyer,Foyer-AS-029,openAIR Library,,,1246,0,Yes,100,9,1.0.6,datasets,,,,"Ron Cooke Hub, University of York",,openAIR Library,Attributed to www.openairlib.net,https://www.openair.hosted.york.ac.uk/,Foyer,foyer_a
AS-030,AS-030,General Hall,General Hall - AS-030,Hall,Hall-AS-030,Generalised Spaces,,,1418,0,No,115,9,1.0.5,datasets,,,,Generalised/Virtual Room,Derived from multiple datasets,Derived from multiple datasets,,,Hall-A,hall_a
AS-031,AS-031,"Central Hall, openAIR","Central Hall, openAIR - AS-031",Hall,Hall-AS-031,openAIR Library,,,949,0,Yes,120,8,1.0.5,datasets,,,,"Central Hall, University of York",,openAIR Library,Attributed to www.openairlib.net,https://www.openair.hosted.york.ac.uk/,Hall-B,hall_b
AS-032,AS-032,"Lecture Theatre, openAIR","Lecture Theatre, openAIR - AS-032",Lecture,Lecture-AS-032,openAIR Library,,,1052,0,Yes,100,9,1.0.5,datasets,,,,"D/L/028 Hendrix Hall Derwent, University of York",,openAIR Library,Attributed to www.openairlib.net,https://www.openair.hosted.york.ac.uk/,Hall-C,hall_c
AS-033,AS-033,"Small Music Chamber, Detmold","Small Music Chamber, Detmold - AS-033",Chamber,Chamber-AS-033,Research Datasets,,,1069,0,Yes,90,9,1.0.6,datasets,,,,"Brahmssaal (small music chamber room, ~100 seats).",,Open Database of Spatial Room Impulse Responses at Detmold University of Music,"Sebastia Vicenc Amengual Gari, Banu Sahin, Dusty Eddyand Malte Kob, ‘Open Database of Spatial Room Impulse Responses at Detmold University of Music’. Zenodo, Oct. 21, 2020. doi: 10.5281/zenodo.4116247.",https://doi.org/10.5281/zenodo.4116247,Hall-D,hall_d
AS-034,AS-034,General Hall,General Hall - AS-034,Hall,Hall-AS-034,Generalised Spaces,,,1414,0,Yes,100,9,1.0.5,datasets,,,,Generalised/Virtual Room,Derived from multiple datasets,Derived from multiple datasets,,,Hall-E,hall_e
AS-035,AS-035,"Kiln, openAIR","Kiln, openAIR - AS-035",Kiln,Kiln-AS-035,openAIR Library,,,777,0,Yes,100,9,1.0.5,datasets,,,,"Hoffmann Lime Kiln (Langcliffe, UK)",,openAIR Library,Attributed to www.openairlib.net,https://www.openair.hosted.york.ac.uk/,Kiln,kiln_a
AS-036,AS-036,Large Treated Room,Large Treated Room - AS-036,Treated-Rm,Treated-Rm-AS-036,Generalised Spaces,,,624,0,Yes,105,9,1.0.0,datasets,,,,Generalised/Virtual Room,Derived from multiple datasets,Derived from multiple datasets,,,Large-Rm,large_room_a
AS-037,AS-037,Small Lecture Hall,Small Lecture Hall - AS-037,Lecture,Lecture-AS-037,Research Datasets,,,901,0,Yes,130,9,1.0.0,datasets,,,,Small lecture hall,,Dataset of Measured Binaural Room Transfer Functions of Individuals ,"S. Werner and M. Böhme, ‘Dataset of Measured Binaural Room Transfer Functions of Individuals’. Zenodo, Aug. 29, 2016. doi: 10.5281/zenodo.61083.",https://doi.org/10.5281/zenodo.61083,Lecture-Hall-A,lecture_hall_a
AS-038,AS-038,"Lecture Room, TU Berlin","Lecture Room, TU Berlin - AS-038",Lecture,Lecture-AS-038,Research Datasets,,,685,0,Yes,130,9,1.0.0,datasets,,,,Mid-size lecture room at the Telefunken-building of TU Berlin,,Binaural room impulse responses recorded with KEMAR in a mid-size lecture hall,"H. Wierstorf and M. Geier, ‘Binaural room impulse responses recorded with KEMAR in a mid-size lecture hall’. Zenodo, Oct. 14, 2016. doi: 10.5281/zenodo.160749.",https://doi.org/10.5281/zenodo.160749 ,Lecture-Hall-B,lecture_hall_b
AS-039,AS-039,"Lecture Room, ACE corpus","Lecture Room, ACE corpus - AS-039",Lecture,Lecture-AS-039,Research Datasets,,,704,800,Yes,100,9,1.0.6,datasets,,,,Lecture room from the ACE corpus ,,ACE Challenge database,"James Eaton, Nikolay D. Gaubitch, Alastair H. Mooreand Patrick A. Naylor, ‘Data Corpus for the IEEE-AASP Challenge on the Acoustic Characterization of Environments (ACE)’. Zenodo, Mar. 02, 2015. doi: 10.5281/zenodo.6257551.",http://www.ee.ic.ac.uk/naylor/ACEweb/,Lecture-Rm-A,lecture_room_a
AS-040,AS-040,"Lecture Room, RWTH Aachen","Lecture Room, RWTH Aachen - AS-040",Lecture,Lecture-AS-040,Research Datasets,,,728,0,Yes,100,9,1.0.0,datasets,,,,Lecture Room at RWTH Aachen University,,The Aachen Impulse Response (AIR) database,"Marco Jeub, Magnus Schäfer, and Peter Vary, A Binaural Room Impulse Response Database for the Evaluation of Dereverberation Algorithms, Proceedings of International Conference on Digital Signal Processing (DSP), July 2009",https://www.iks.rwth-aachen.de/en/research/tools-downloads/databases/aachen-impulse-response-database/,Lecture-Rm-B,lecture_room_b
AS-041,AS-041,"Lecture Room, ACE corpus","Lecture Room, ACE corpus - AS-041",Lecture,Lecture-AS-041,Research Datasets,,,794,0,Yes,100,9,1.0.0,datasets,,,,Lecture room from the ACE corpus ,,ACE Challenge database,"James Eaton, Nikolay D. Gaubitch, Alastair H. Mooreand Patrick A. Naylor, ‘Data Corpus for the IEEE-AASP Challenge on the Acoustic Characterization of Environments (ACE)’. Zenodo, Mar. 02, 2015. doi: 10.5281/zenodo.6257551.",http://www.ee.ic.ac.uk/naylor/ACEweb/,Lecture-Rm-C,lecture_room_c
AS-042,AS-042,"Listening Room, 0W (Dry)","Listening Room, 0W (Dry) - AS-042",Listening-Rm,Listening-Rm-AS-042,Research Datasets,Low Reverberation,,221,500,Yes,100,9,1.0.5,datasets,,,,"ITU-R BS.1116 conform listening room, dry",,A high spatial resolution dataset of spatial room impulse responses for different acoustic room configurations,"L. Treybig, F. Klein, G. Stolzand S. Werner, ‘A high spatial resolution dataset of spatial room impulse responses for different acoustic room configurations’. Zenodo, Jan. 02, 2024. doi: 10.5281/zenodo.10450779.",https://doi.org/10.5281/zenodo.10450779,Listening-Rm-A,listening_room_a
AS-043,AS-043,"Listening Room, 3W","Listening Room, 3W - AS-043",Listening-Rm,Listening-Rm-AS-043,Research Datasets,Low Reverberation,,379,500,Yes,105,9,1.0.5,datasets,,,,"ITU-R BS.1116 conform listening room, 3 reflective walls added ",,A high spatial resolution dataset of spatial room impulse responses for different acoustic room configurations,"L. Treybig, F. Klein, G. Stolzand S. Werner, ‘A high spatial resolution dataset of spatial room impulse responses for different acoustic room configurations’. Zenodo, Jan. 02, 2024. doi: 10.5281/zenodo.10450779.",https://doi.org/10.5281/zenodo.10450779,Listening-Rm-B,listening_room_b
AS-044,AS-044,"Listening Room, 5W","Listening Room, 5W - AS-044",Listening-Rm,Listening-Rm-AS-044,Research Datasets,Low Reverberation,,562,700,Yes,100,9,1.0.5,datasets,,,,"ITU-R BS.1116 conform listening room, 5 reflective walls added ",,A high spatial resolution dataset of spatial room impulse responses for different acoustic room configurations,"L. Treybig, F. Klein, G. Stolzand S. Werner, ‘A high spatial resolution dataset of spatial room impulse responses for different acoustic room configurations’. Zenodo, Jan. 02, 2024. doi: 10.5281/zenodo.10450779.",https://doi.org/10.5281/zenodo.10450779,Listening-Rm-C,listening_room_c
AS-045,AS-045,"Listening Room, 2W","Listening Room, 2W - AS-045",Listening-Rm,Listening-Rm-AS-045,Research Datasets,Low Reverberation,,312,600,Yes,100,9,1.0.5,datasets,,,,"ITU-R BS.1116 conform listening room, 2 reflective walls added ",,A high spatial resolution dataset of spatial room impulse responses for different acoustic room configurations,"L. Treybig, F. Klein, G. Stolzand S. Werner, ‘A high spatial resolution dataset of spatial room impulse responses for different acoustic room configurations’. Zenodo, Jan. 02, 2024. doi: 10.5281/zenodo.10450779.",https://doi.org/10.5281/zenodo.10450779,Listening-Rm-D,listening_room_d
AS-046,AS-046,"Listening Room, 4W","Listening Room, 4W - AS-046",Listening-Rm,Listening-Rm-AS-046,Research Datasets,,,824,900,Yes,100,9,1.0.5,datasets,,,,"ITU-R BS.1116 conform listening room, 4 reflective walls added ",,A high spatial resolution dataset of spatial room impulse responses for different acoustic room configurations,"L. Treybig, F. Klein, G. Stolzand S. Werner, ‘A high spatial resolution dataset of spatial room impulse responses for different acoustic room configurations’. Zenodo, Jan. 02, 2024. doi: 10.5281/zenodo.10450779.",https://doi.org/10.5281/zenodo.10450779,Listening-Rm-E,listening_room_e
AS-047,AS-047,"Listening Room, 8W","Listening Room, 8W - AS-047",Listening-Rm,Listening-Rm-AS-047,Research Datasets,,,771,900,Yes,100,9,1.0.5,datasets,,,,"ITU-R BS.1116 conform listening room, 8 reflective walls added ",,A high spatial resolution dataset of spatial room impulse responses for different acoustic room configurations,"L. Treybig, F. Klein, G. Stolzand S. Werner, ‘A high spatial resolution dataset of spatial room impulse responses for different acoustic room configurations’. Zenodo, Jan. 02, 2024. doi: 10.5281/zenodo.10450779.",https://doi.org/10.5281/zenodo.10450779,Listening-Rm-F,listening_room_f
AS-048,AS-048,"Listening Room, 1W","Listening Room, 1W - AS-048",Listening-Rm,Listening-Rm-AS-048,Research Datasets,Low Reverberation,,233,500,Yes,100,9,1.0.5,datasets,,,,"ITU-R BS.1116 conform listening room, 1 reflective wall added",,A high spatial resolution dataset of spatial room impulse responses for different acoustic room configurations,"L. Treybig, F. Klein, G. Stolzand S. Werner, ‘A high spatial resolution dataset of spatial room impulse responses for different acoustic room configurations’. Zenodo, Jan. 02, 2024. doi: 10.5281/zenodo.10450779.",https://doi.org/10.5281/zenodo.10450779,Listening-Rm-G,listening_room_g
AS-049,AS-049,"Living Room, SOUNDCAM","Living Room, SOUNDCAM - AS-049",Living-Rm,Living-Rm-AS-049,Research Datasets,,,967,0,Yes,100,9,1.0.0,datasets,,,,real Living Room ,,SOUNDCAM Dataset ,"Wang, M., Clarke, S., Wang, J., Gao, R., and Wu, J. (2023). SoundCam: A Dataset for Tasks in Tracking and Identifying Humans from Real Room Acoustics. Stanford Digital Repository. Available at https://purl.stanford.edu/xq364hd5023. ",https://doi.org/10.25740/xq364hd5023,Living-Rm,living_room_a
AS-050,AS-050,"Lobby, ACE corpus","Lobby, ACE corpus - AS-050",Lobby,Lobby-AS-050,Research Datasets,,,735,0,Yes,90,9,1.0.5,datasets,,,,Lobby from the ACE corpus ,,ACE Challenge database,"James Eaton, Nikolay D. Gaubitch, Alastair H. Mooreand Patrick A. Naylor, ‘Data Corpus for the IEEE-AASP Challenge on the Acoustic Characterization of Environments (ACE)’. Zenodo, Mar. 02, 2015. doi: 10.5281/zenodo.6257551.",http://www.ee.ic.ac.uk/naylor/ACEweb/,Lobby-A,lobby_a
AS-051,AS-051,"Lobby, ACE corpus","Lobby, ACE corpus - AS-051",Lobby,Lobby-AS-051,Research Datasets,,,859,0,Yes,100,9,1.0.0,datasets,,,,Lobby from the ACE corpus ,,ACE Challenge database,"James Eaton, Nikolay D. Gaubitch, Alastair H. Mooreand Patrick A. Naylor, ‘Data Corpus for the IEEE-AASP Challenge on the Acoustic Characterization of Environments (ACE)’. Zenodo, Mar. 02, 2015. doi: 10.5281/zenodo.6257551.",http://www.ee.ic.ac.uk/naylor/ACEweb/,Lobby-B,lobby_b
AS-052,AS-052,"Meeting Room, RWTH Aachen","Meeting Room, RWTH Aachen - AS-052",Meeting-Rm,Meeting-Rm-AS-052,Research Datasets,Low Reverberation,,458,0,Yes,100,9,1.0.0,datasets,,,,Meeting Room at RWTH Aachen University,,The Aachen Impulse Response (AIR) database,"Marco Jeub, Magnus Schäfer, and Peter Vary, A Binaural Room Impulse Response Database for the Evaluation of Dereverberation Algorithms, Proceedings of International Conference on Digital Signal Processing (DSP), July 2009",https://www.iks.rwth-aachen.de/en/research/tools-downloads/databases/aachen-impulse-response-database/,Meeting-Rm,meeting_room_a
AS-053,AS-053,"Office, Aalto University","Office, Aalto University - AS-053",Office,Office-AS-053,Research Datasets,Low Reverberation,,408,520,Yes,125,9,1.0.1,datasets,,,,Office at Aalto University campus ,,A dataset of measured spatial room impulse responses for the transition between coupled rooms,"Thomas McKenzie, Sebastian Schlechtand Ville Pulkki, ‘A dataset of measured spatial room impulse responses for the transition between coupled rooms’. Zenodo, Apr. 20, 2023. doi: 10.5281/zenodo.7848561.",https://doi.org/10.5281/zenodo.7848561,Office-A,office_a
AS-054,AS-054,"Office, Aalto University","Office, Aalto University - AS-054",Office,Office-AS-054,Research Datasets,Low Reverberation,,496,600,Yes,125,9,1.0.1,datasets,,,,Office at Aalto University campus ,,A dataset of measured spatial room impulse responses for the transition between coupled rooms,"Thomas McKenzie, Sebastian Schlechtand Ville Pulkki, ‘A dataset of measured spatial room impulse responses for the transition between coupled rooms’. Zenodo, Apr. 20, 2023. doi: 10.5281/zenodo.7848561.",https://doi.org/10.5281/zenodo.7848561,Office-B,office_b
AS-055,AS-055,Outdoors,Outdoors - AS-055,Outdoors,Outdoors-AS-055,Generalised Spaces,,,1935,0,No,110,9,1.0.2,datasets,,,,Generalised from measurements at various outdoor locations,Derived from multiple datasets,Derived from multiple datasets,,,Outdoors-A,outdoors_a
AS-056,AS-056,Outdoors,Outdoors - AS-056,Outdoors,Outdoors-AS-056,Generalised Spaces,,,1183,0,Yes,100,8,1.0.1,datasets,,,,Generalised from measurements at various outdoor locations,Derived from multiple datasets,Derived from multiple datasets,,,Outdoors-B,outdoors_b
AS-057,AS-057,"Forest, openAIR","Forest, openAIR - AS-057",Forest,Forest-AS-057,openAIR Library,,,1199,0,Yes,100,9,1.0.5,datasets,,,,"Abies Grandis Forest, Wheldrake Wood",,openAIR Library,Attributed to www.openairlib.net,https://www.openair.hosted.york.ac.uk/,Outdoors-C,outdoors_c
AS-058,AS-058,"Studio Live Room, openAIR","Studio Live Room, openAIR - AS-058",Studio,Studio-AS-058,openAIR Library,Low Reverberation,,284,0,Yes,100,9,1.0.5,datasets,,,,Genesis 6 Studio Live Room Drum Set Up,,openAIR Library,Attributed to www.openairlib.net,https://www.openair.hosted.york.ac.uk/,Recording-Rm,recording_room_a
AS-059,AS-059,"Recording studio, ANU","Recording studio, ANU - AS-059",Studio,Studio-AS-059,Research Datasets,,,723,900,Yes,115,9,1.0.5,datasets,,,,Recording studio at the Australian National University (ANU) ,,RSoANU: RIR Dataset ,"G. Chesworth, A. Bastineand T. Abhayapala, ‘RSoANU: RIR Dataset’. Zenodo, 2024. doi: 10.5281/zenodo.10720345. ",,Rec-Studio-A,recording_studio_a
AS-060,AS-060,"Recording studio, ANU","Recording studio, ANU - AS-060",Studio,Studio-AS-060,Research Datasets,,,739,900,Yes,100,9,1.0.5,datasets,,,,Recording studio at the Australian National University (ANU) ,,RSoANU: RIR Dataset ,"G. Chesworth, A. Bastineand T. Abhayapala, ‘RSoANU: RIR Dataset’. Zenodo, 2024. doi: 10.5281/zenodo.10720345. ",,Rec-Studio-B,recording_studio_b
AS-061,AS-061,"Seminar Room, Ilmenau ","Seminar Room, Ilmenau  - AS-061",Seminar-Rm,Seminar-Rm-AS-061,Research Datasets,,,839,1100,Yes,115,9,1.0.5,datasets,,,,Seminar Room at Technische Universität Ilmenau ,,A dataset of measured spatial room impulse responses in different rooms including visualization,"F. Klein, ‘A dataset of measured spatial room impulse responses in different rooms including visualization’. Zenodo, May 16, 2022. doi: 10.5281/zenodo.6541444.",,Seminar-Rm-A,seminar_room_a
AS-062,AS-062,"Seminar Room, HOMULA ","Seminar Room, HOMULA  - AS-062",Seminar-Rm,Seminar-Rm-AS-062,Research Datasets,,,710,800,Yes,115,8,1.0.5,datasets,,,,"Schiavoni room located at Dipartimento di Elettronica, Informazione e Bioingegneria of Politecnico di Milano",,HOMULA-RIR,"F. Miotello, ‘HOMULA-RIR: A Room Impulse Response Dataset for Teleconferencing and Spatial Audio Applications Acquired Through Higher-Order Microphones and Uniform Linear Microphone Arrays’. Zenodo, Jan. 10, 2024. doi: 10.5281/zenodo.10479726.",,Seminar-Rm-B,seminar_room_b
AS-063,AS-063,Seminar Room,Seminar Room - AS-063,Seminar-Rm,Seminar-Rm-AS-063,Generalised Spaces,,,705,0,Yes,110,9,1.0.5,datasets,,,,Generalised/Virtual Room,Derived from multiple datasets,Derived from multiple datasets,,,Seminar-Rm-C,seminar_room_c
AS-064,AS-064,Small Room,Small Room - AS-064,Small-Rm,Small-Rm-AS-064,Generalised Spaces,Low Reverberation,,500,0,Yes,100,9,1.0.5,datasets,,,,Generalised/Virtual Room,Derived from multiple datasets,Derived from multiple datasets,,,Small-Rm-A,small_room_a
AS-065,AS-065,Small Room,Small Room - AS-065,Small-Rm,Small-Rm-AS-065,Generalised Spaces,Low Reverberation,,467,0,Yes,110,9,1.0.6,datasets,,,,Generalised/Virtual Room,Derived from multiple datasets,Derived from multiple datasets,,,Small-Rm-B,small_room_b
AS-066,AS-066,Small Room,Small Room - AS-066,Small-Rm,Small-Rm-AS-066,Generalised Spaces,Low Reverberation,,476,0,Yes,110,9,1.0.6,datasets,,,,Generalised/Virtual Room,Derived from multiple datasets,Derived from multiple datasets,,,Small-Rm-C,small_room_c
AS-067,AS-067,"Studio Theatre, openAIR","Studio Theatre, openAIR - AS-067",Studio,Studio-AS-067,openAIR Library,,,920,0,Yes,100,9,1.0.6,datasets,,,,The Dixon Studio Theatre University of York,,openAIR Library,Attributed to www.openairlib.net,https://www.openair.hosted.york.ac.uk/,Small-Theatre,small_theatre_a
AS-068,AS-068,"Smoking Room, openAIR","Smoking Room, openAIR - AS-068",Smoking-Rm,Smoking-Rm-AS-068,openAIR Library,,,660,0,Yes,90,9,1.0.6,datasets,,,,Elveden Hall (Suffolk England),,openAIR Library,Attributed to www.openairlib.net,https://www.openair.hosted.york.ac.uk/,Smoking-Rm,smoking_room_a
AS-069,AS-069,"Stairway and Corridor, RWTH","Stairway and Corridor, RWTH - AS-069",Stairway,Stairway-AS-069,Research Datasets,,,876,0,Yes,100,9,1.0.0,datasets,,,,Stairway and Corridor at RWTH Aachen University,,The Aachen Impulse Response (AIR) database,"Marco Jeub, Magnus Schäfer, and Peter Vary, A Binaural Room Impulse Response Database for the Evaluation of Dereverberation Algorithms, Proceedings of International Conference on Digital Signal Processing (DSP), July 2009",https://www.iks.rwth-aachen.de/en/research/tools-downloads/databases/aachen-impulse-response-database/,Stairway,stairway_a
AS-070,AS-070,"Studio Live Room, BBC","Studio Live Room, BBC - AS-070",Studio,Studio-AS-070,Research Datasets,Low Reverberation,,398,550,Yes,115,9,1.0.5,datasets,,,,Studio live room ,Derived from rooms MV4 and MV5,BBC Maida Vale Impulse Response Dataset ,"Gavin Kearney, ‘BBC Maida Vale Impulse Response Dataset’, Acoustics, vol. 4, no. 3. Zenodo, pp. 783–799, Oct. 19, 2023. doi: 10.5281/zenodo.10020866.",,Studio-A,studio_a
AS-071,AS-071,"Studio Live Room, BBC","Studio Live Room, BBC - AS-071",Studio,Studio-AS-071,Research Datasets,Low Reverberation,,351,550,Yes,90,9,1.0.5,datasets,,,,Studio live room ,Derived from rooms MV4 and MV5,BBC Maida Vale Impulse Response Dataset ,"Gavin Kearney, ‘BBC Maida Vale Impulse Response Dataset’, Acoustics, vol. 4, no. 3. Zenodo, pp. 783–799, Oct. 19, 2023. doi: 10.5281/zenodo.10020866.",,Studio-B,studio_b
AS-072,AS-072,"Tatami Room, RWCP","Tatami Room, RWCP - AS-072",Tatami,Tatami-AS-072,Research Datasets,Low Reverberation,,513,700,Yes,120,10,1.0.3,datasets,,,,Japanese Tatami Room,,RWCP Real Environment Speech and Acoustic Database (RWCP-SSD).,"Real World Computing Partnership (2007): RWCP Real Environment Speech and Acoustic Database (RWCP-SSD). Speech Resources Consortium, National Institute of Informatics. (dataset). https://doi.org/10.32130/src.RWCP-SSD",https://doi.org/10.32130/src.RWCP-SSD,Tatami-Rm,tatami_room_a
AS-073,AS-073,"Tennis Court, openAIR","Tennis Court, openAIR - AS-073",Court,Court-AS-073,openAIR Library,,,1432,0,Yes,110,9,1.0.5,datasets,,,,Falkland Palace Royal Tennis Court,,openAIR Library,Attributed to www.openairlib.net,https://www.openair.hosted.york.ac.uk/,Tennis-Court-A,tennis_court_a
AS-074,AS-074,"Tennis Court, openAIR","Tennis Court, openAIR - AS-074",Court,Court-AS-074,openAIR Library,,,1273,0,Yes,100,9,1.0.1,datasets,,,,Falkland Palace Royal Tennis Court,,openAIR Library,Attributed to www.openairlib.net,https://www.openair.hosted.york.ac.uk/,Tennis-Court-B,tennis_court_b
AS-075,AS-075,"Tennis Court, openAIR","Tennis Court, openAIR - AS-075",Court,Court-AS-075,openAIR Library,,,1345,0,Yes,100,9,1.0.0,datasets,,,,Falkland Palace Royal Tennis Court,,openAIR Library,Attributed to www.openairlib.net,https://www.openair.hosted.york.ac.uk/,Tennis-Court-C,tennis_court_c
AS-076,AS-076,"Theatre, Detmold","Theatre, Detmold - AS-076",Theatre,Theatre-AS-076,Research Datasets,,,884,0,Yes,90,9,1.0.7,datasets,,,,"Detmold Sommertheater (theater, ~300 seats).",,Open Database of Spatial Room Impulse Responses at Detmold University of Music,"Sebastia Vicenc Amengual Gari, Banu Sahin, Dusty Eddyand Malte Kob, ‘Open Database of Spatial Room Impulse Responses at Detmold University of Music’. Zenodo, Oct. 21, 2020. doi: 10.5281/zenodo.4116247.",https://doi.org/10.5281/zenodo.4116247,Theatre,theatre_a
AS-077,AS-077,"Courtyard, openAIR","Courtyard, openAIR - AS-077",Courtyard,Courtyard-AS-077,openAIR Library,,,1340,0,Yes,0,9,1.0.0,datasets,,,,Alcuin college university york - v2,,openAIR Library,Attributed to www.openairlib.net,https://www.openair.hosted.york.ac.uk/,,
AS-078,AS-078,"Tunnel, openAIR","Tunnel, openAIR - AS-078",Tunnel,Tunnel-AS-078,openAIR Library,,,1404,0,Yes,100,9,1.0.5,datasets,,,,Innocent Railway Tunnel,,openAIR Library,Attributed to www.openairlib.net,https://www.openair.hosted.york.ac.uk/,Tunnel,tunnel_a
AS-079,AS-079,Yoga Studio,Yoga Studio - AS-079,Studio,Studio-AS-079,Generalised Spaces,,,1325,0,Yes,100,9,1.0.0,datasets,,,,Yoga Studio,,,,,Yoga-Studio,yoga_studio_a
AS-080,AS-080,"Broadcast Studio, WDR (LBS)","Broadcast Studio, WDR (LBS) - AS-080",Bc-Studio-L,Bc-Studio-L-AS-080,Research Datasets,,,1563,0,Yes,0,9,1.0.0,datasets,,,,WDR Broadcast Studios - Large Broadcast Studio (Großer Sendesaal / Klaus-von-Bismarck-Saal) ,,A Spatial Audio Impulse Response Compilation Captured at the WDR Broadcast Studios,"Stade, Bernschützand Rühl, ‘A Spatial Audio Impulse Response Compilation Captured at the WDR Broadcast Studios’. Zenodo, May 11, 2020. doi: 10.5281/zenodo.3930833.",doi: 10.5281/zenodo.3930833.,,
AS-081,AS-081,"Broadcast Studio, WDR (SBS)","Broadcast Studio, WDR (SBS) - AS-081",Bc-Studio-S,Bc-Studio-S-AS-081,Research Datasets,,,866,0,Yes,100,9,1.0.0,datasets,,,,WDR Broadcast Studios - Small Broadcast Studio (Kleiner Sendesaal) ,,A Spatial Audio Impulse Response Compilation Captured at the WDR Broadcast Studios,"Stade, Bernschützand Rühl, ‘A Spatial Audio Impulse Response Compilation Captured at the WDR Broadcast Studios’. Zenodo, May 11, 2020. doi: 10.5281/zenodo.3930833.",doi: 10.5281/zenodo.3930833.,,
AS-082,AS-082,"Audio Lab, University of Rostock","Audio Lab, University of Rostock - AS-082",Audio-Lab,Audio-Lab-AS-082,Research Datasets,Low Reverberation,,370,0,Yes,0,9,1.0.0,datasets,,,,"Audio Lab of the Institute of Communications Engineering, University of Rostock ",Multiple absorber configurations used,Database of single-channel and binaural room impulse responses (RIRs and BRIRs) of a 64-channel loudspeaker array for dierent room congurations ,"V. Erbes, M. Geier, S. Weinzierl, and S. Spors, ""Single-channel and binaural room impulse responses of a 64-channel loudspeaker array for different room conﬁgurations"". depositonce, 21-Apr-2015",http://dx.doi.org/10.14279/depositonce-87,,
AS-083,AS-083,Small Conference Room,Small Conference Room - AS-083,Conference-Rm,Conference-Rm-AS-083,Research Datasets,Low Reverberation,,489,0,Yes,100,9,1.0.0,datasets,,,,Small conference room,,"Eigenmike-DRIRs, KEMAR 45BA-BRIRs, RIRs and 360° pictures captured at five positions of a small conference room","A. Neidhardt, C. Schneiderwind, F. Kleinand S. Fichna, ‘Dataset: Eigenmike-DRIRs, KEMAR 45BA-BRIRs, RIRs and 360° pictures captured at five positions of a small conference room’. Zenodo, Apr. 07, 2019. doi: 10.5281/zenodo.2593714.",https://doi.org/10.5281/zenodo.2593714,,
AS-084,AS-084,"Living Room, SOUNDCAM","Living Room, SOUNDCAM - AS-084",Living-Rm,Living-Rm-AS-084,Research Datasets,,,1126,0,Yes,0,9,1.0.0,datasets,,,,real Living Room ,,SOUNDCAM Dataset ,"Wang, M., Clarke, S., Wang, J., Gao, R., and Wu, J. (2023). SoundCam: A Dataset for Tasks in Tracking and Identifying Humans from Real Room Acoustics. Stanford Digital Repository. Available at https://purl.stanford.edu/xq364hd5023. ",https://doi.org/10.25740/xq364hd5023,,
AS-085,AS-085,"Small Music Chamber, Detmold","Small Music Chamber, Detmold - AS-085",Chamber,Chamber-AS-085,Research Datasets,,,1067,0,Yes,0,9,1.0.0,datasets,,,,"Brahmssaal (small music chamber room, ~100 seats).",,Open Database of Spatial Room Impulse Responses at Detmold University of Music,"Sebastia Vicenc Amengual Gari, Banu Sahin, Dusty Eddyand Malte Kob, ‘Open Database of Spatial Room Impulse Responses at Detmold University of Music’. Zenodo, Oct. 21, 2020. doi: 10.5281/zenodo.4116247.",https://doi.org/10.5281/zenodo.4116247,,
AS-086,AS-086,General Hall,General Hall - AS-086,Hall,Hall-AS-086,Generalised Spaces,,,1274,0,Yes,0,9,1.0.0,datasets,,,,Generalised/Virtual Room,Derived from multiple datasets,Derived from multiple datasets,,,,
AS-087,AS-087,"Theatre, Detmold","Theatre, Detmold - AS-087",Theatre,Theatre-AS-087,Research Datasets,,,916,0,Yes,0,9,1.0.0,datasets,,,,"Detmold Sommertheater (theater, ~300 seats).",,Open Database of Spatial Room Impulse Responses at Detmold University of Music,"Sebastia Vicenc Amengual Gari, Banu Sahin, Dusty Eddyand Malte Kob, ‘Open Database of Spatial Room Impulse Responses at Detmold University of Music’. Zenodo, Oct. 21, 2020. doi: 10.5281/zenodo.4116247.",https://doi.org/10.5281/zenodo.4116247,,
AS-088,AS-088,"Council Chamber, openAIR","Council Chamber, openAIR - AS-088",Chamber,Chamber-AS-088,openAIR Library,,,825,0,Yes,0,9,1.0.0,datasets,,,,York Guildhall Council Chamber - v2,,openAIR Library,Attributed to www.openairlib.net,https://www.openair.hosted.york.ac.uk/,,
AS-089,AS-089,"Concert Hall, openAIR","Concert Hall, openAIR - AS-089",Concert,Concert-AS-089,openAIR Library,,,1534,0,Yes,0,9,1.0.0,datasets,,,,Jack Lyons Concert Hall (University of York) - v2,,openAIR Library,Attributed to www.openairlib.net,https://www.openair.hosted.york.ac.uk/,,
AS-090,AS-090,"Symphony Hall, openAIR","Symphony Hall, openAIR - AS-090",Hall,Hall-AS-090,openAIR Library,,,1578,0,Yes,0,9,1.0.0,datasets,,,,Usina del Arte Symphony Hall - v2,,openAIR Library,Attributed to www.openairlib.net,https://www.openair.hosted.york.ac.uk/,,
AS-091,AS-091,"Theatre Hall, TA","Theatre Hall, TA - AS-091",Hall,Hall-AS-091,Theatre Acoustique IR Library,,,1347,0,Yes,100,9,1.0.0,datasets,,,,Athénée Theatre - Main Hall,,Theatre Acoustique Room IR Library,Attributed to www.lieuxperdus.com,https://www.lieuxperdus.com/convolver/download,,
AS-092,AS-092,"Historic Hall, TA","Historic Hall, TA - AS-092",Hall,Hall-AS-092,Theatre Acoustique IR Library,,,737,0,Yes,0,9,1.0.0,datasets,,,,Spesbourg Castle - Main Building,,Theatre Acoustique Room IR Library,Attributed to www.lieuxperdus.com,https://www.lieuxperdus.com/convolver/download,,
AS-093,AS-093,"Courtyard, TA","Courtyard, TA - AS-093",Courtyard,Courtyard-AS-093,Theatre Acoustique IR Library,,,762,0,Yes,0,9,1.0.0,datasets,,,,Spesbourg Castle - Upper Courtyard,,Theatre Acoustique Room IR Library,Attributed to www.lieuxperdus.com,https://www.lieuxperdus.com/convolver/download,,
AS-094,AS-094,"Music Salon, TA","Music Salon, TA - AS-094",Salon,Salon-AS-094,Theatre Acoustique IR Library,,,1343,0,Yes,0,9,1.0.0,datasets,,,,Singer-Polignac Foundation - Music Salon,,Theatre Acoustique Room IR Library,Attributed to www.lieuxperdus.com,https://www.lieuxperdus.com/convolver/download,,
AS-095,AS-095,"Gallery, TA","Gallery, TA - AS-095",Gallery,Gallery-AS-095,Theatre Acoustique IR Library,,,782,0,Yes,0,9,1.0.0,datasets,,,,IRCAM - Gallery A,,Theatre Acoustique Room IR Library,Attributed to www.lieuxperdus.com,https://www.lieuxperdus.com/convolver/download,,
AS-096,AS-096,"Barn, TA","Barn, TA - AS-096",Barn,Barn-AS-096,Theatre Acoustique IR Library,,,840,0,Yes,0,9,1.0.0,datasets,,,,Laubenheim - Barn,,Theatre Acoustique Room IR Library,Attributed to www.lieuxperdus.com,https://www.lieuxperdus.com/convolver/download,,
AS-097,AS-097,"Chapel, TA","Chapel, TA - AS-097",Chapel,Chapel-AS-097,Theatre Acoustique IR Library,,,1223,0,Yes,0,9,1.0.0,datasets,,,,Les Dominicains de Haute-Alsace - Neo-Gothic Chapel,,Theatre Acoustique Room IR Library,Attributed to www.lieuxperdus.com,https://www.lieuxperdus.com/convolver/download,,
AS-098,AS-098,"Cloister, TA","Cloister, TA - AS-098",Cloister,Cloister-AS-098,Theatre Acoustique IR Library,,,1338,0,Yes,0,9,1.0.0,datasets,,,,Les Dominicains de Haute-Alsace - Cloister,,Theatre Acoustique Room IR Library,Attributed to www.lieuxperdus.com,https://www.lieuxperdus.com/convolver/download,,
AS-099,AS-099,"Observatory, TA","Observatory, TA - AS-099",Observatory,Observatory-AS-099,Theatre Acoustique IR Library,,,1334,0,Yes,0,9,1.0.0,datasets,,,,Strasbourg Observatory,,Theatre Acoustique Room IR Library,Attributed to www.lieuxperdus.com,https://www.lieuxperdus.com/convolver/download,,
AS-100,AS-100,"Theatre Hall, TA","Theatre Hall, TA - AS-100",Theatre-Hall,Theatre-Hall-AS-100,Theatre Acoustique IR Library,,,1426,0,Yes,0,9,1.0.0,datasets,,,,Karlsruhe State Theatre - Main Hall,,Theatre Acoustique Room IR Library,Attributed to www.lieuxperdus.com,https://www.lieuxperdus.com/convolver/download,,
AS-101,AS-101,"Entrance, TA","Entrance, TA - AS-101",Entrance,Entrance-AS-101,Theatre Acoustique IR Library,,,1737,0,Yes,0,9,1.0.0,datasets,,,,ZKM Karlsruhe - Kubus Entrance,,Theatre Acoustique Room IR Library,Attributed to www.lieuxperdus.com,https://www.lieuxperdus.com/convolver/download,,
AS-102,AS-102,"Mezzanine, TA","Mezzanine, TA - AS-102",Mezzanine,Mezzanine-AS-102,Theatre Acoustique IR Library,,,1806,0,Yes,0,9,1.0.0,datasets,,,,ZKM Karlsruhe - Mezzanine (Rear),,Theatre Acoustique Room IR Library,Attributed to www.lieuxperdus.com,https://www.lieuxperdus.com/convolver/download,,
AS-103,AS-103,"Hall, TA","Hall, TA - AS-103",Hall,Hall-AS-103,Theatre Acoustique IR Library,,,2553,0,No,0,9,1.0.0,datasets,,,,Derived from multiple measurement locations,,Theatre Acoustique Room IR Library,Attributed to www.lieuxperdus.com,https://www.lieuxperdus.com/convolver/download,,
AS-104,AS-104,"Ballroom, C-IR","Ballroom, C-IR - AS-104",Ballroom,Ballroom-AS-104,Conners-IR-Library,,,1896,0,Yes,0,9,1.0.0,datasets,,,,Derived from multiple ballroom measurements,,Conners-IR-Library,Attributed to github.com/itsmusician/IR-Library,https://github.com/itsmusician/IR-Library,,
AS-105,AS-105,"Hotel Room, C-IR","Hotel Room, C-IR - AS-105",Hotel Room,Hotel Room-AS-105,Conners-IR-Library,Low Reverberation,,480,0,Yes,0,9,1.0.0,datasets,,,,Hotel Room 1,,Conners-IR-Library,Attributed to github.com/itsmusician/IR-Library,https://github.com/itsmusician/IR-Library,,
AS-106,AS-106,"Stairwell, C-IR","Stairwell, C-IR - AS-106",Stairwell,Stairwell-AS-106,Conners-IR-Library,,,1919,0,Yes,100,9,1.0.0,datasets,,,,MSB Brick Stairwell Upstairs,,Conners-IR-Library,Attributed to github.com/itsmusician/IR-Library,https://github.com/itsmusician/IR-Library,,
AS-107,AS-107,"Parking Garage, C-IR","Parking Garage, C-IR - AS-107",Parking Garage,Parking Garage-AS-107,Conners-IR-Library,,,3265,0,No,0,9,1.0.0,datasets,,,,Derived from multiple parking garage measurements,,Conners-IR-Library,Attributed to github.com/itsmusician/IR-Library,https://github.com/itsmusician/IR-Library,,
AS-108,AS-108,"Street, C-IR","Street, C-IR - AS-108",Street,Street-AS-108,Conners-IR-Library,,,1555,0,Yes,0,9,1.0.0,datasets,,,,Derived from multiple street measurements,,Conners-IR-Library,Attributed to github.com/itsmusician/IR-Library,https://github.com/itsmusician/IR-Library,,
AS-109,AS-109,"Living Room, C-IR","Living Room, C-IR - AS-109",Living Room,Living Room-AS-109,Conners-IR-Library,,,682,0,Yes,0,9,1.0.0,datasets,,,,Derived from multiple living room measurements,,Conners-IR-Library,Attributed to github.com/itsmusician/IR-Library,https://github.com/itsmusician/IR-Library,,
AS-110,AS-110,"Amphitheatre, C-IR","Amphitheatre, C-IR - AS-110",Amphitheatre,Amphitheatre-AS-110,Conners-IR-Library,,,904,0,Yes,100,9,1.0.0,datasets,,,,Derived from multiple amphitheatre measurements,,Conners-IR-Library,Attributed to github.com/itsmusician/IR-Library,https://github.com/itsmusician/IR-Library,,
AS-111,AS-111,"Coffee Shop, C-IR","Coffee Shop, C-IR - AS-111",Coffee Shop,Coffee Shop-AS-111,Conners-IR-Library,,,986,0,Yes,0,9,1.0.0,datasets,,,,Derived from multiple coffee shop measurements,,Conners-IR-Library,Attributed to github.com/itsmusician/IR-Library,https://github.com/itsmusician/IR-Library,,
AS-112,AS-112,"Hall, C-IR","Hall, C-IR - AS-112",Hall,Hall-AS-112,Conners-IR-Library,,,1443,0,Yes,0,9,1.0.0,datasets,,,,Derived from multiple measurement locations,,Conners-IR-Library,Attributed to github.com/itsmusician/IR-Library,https://github.com/itsmusician/IR-Library,,
AS-113,AS-113,"Hall, TA","Hall, TA - AS-113",Hall,Hall-AS-113,Theatre Acoustique IR Library,,,1519,0,Yes,0,9,1.0.0,datasets,,,,Derived from multiple measurement locations,,Theatre Acoustique Room IR Library,Attributed to www.lieuxperdus.com,https://www.lieuxperdus.com/convolver/download,,
AS-114,AS-114,"Tunnel, openAIR","Tunnel, openAIR - AS-114",Tunnel,Tunnel-AS-114,openAIR Library,,,1679,0,Yes,0,9,1.0.0,datasets,,,,Innocent Railway Tunnel - v2,,openAIR Library,Attributed to www.openairlib.net,https://www.openair.hosted.york.ac.uk/,,
AS-115,AS-115,"Stone Monument, openAIR","Stone Monument, openAIR - AS-115",Monument,Monument-AS-115,openAIR Library,,,1531,0,Yes,0,9,1.0.0,datasets,,,,Tyndall Bruce Monument - v2,,openAIR Library,Attributed to www.openairlib.net,https://www.openair.hosted.york.ac.uk/,,
AS-116,AS-116,"Auditorium, ODEON","Auditorium, ODEON - AS-116",Auditorium,Auditorium-AS-116,Research Datasets,,,1464,0,Yes,0,9,1.0.0,datasets,,,,Auditorium 21 at the Technical University of Denmark (DTU),,ODEON Impulse response downloads,Attributed to https://odeon.dk/downloads/impulse-responses/#gsc.tab=0,https://odeon.dk/downloads/impulse-responses/#gsc.tab=0,,
AS-117,AS-117,"Atrium, openAIR","Atrium, openAIR - AS-117",Atrium,Atrium-AS-117,openAIR Library,,,1386,0,Yes,0,9,1.0.0,datasets,,,,"Spring Lane Building, University of York - v2",,openAIR Library,Attributed to www.openairlib.net,https://www.openair.hosted.york.ac.uk/,,
AS-118,AS-118,"Concert Hall, Detmold","Concert Hall, Detmold - AS-118",Concert,Concert-AS-118,Research Datasets,,,1443,0,Yes,0,9,1.0.0,datasets,,,,"Detmold Konzerthaus (medium sized concert hall, ~600 seats).",,Open Database of Spatial Room Impulse Responses at Detmold University of Music,"Sebastia Vicenc Amengual Gari, Banu Sahin, Dusty Eddyand Malte Kob, ‘Open Database of Spatial Room Impulse Responses at Detmold University of Music’. Zenodo, Oct. 21, 2020. doi: 10.5281/zenodo.4116247.",https://doi.org/10.5281/zenodo.4116247,,
AS-119,AS-119,"Classroom, PAN-AR","Classroom, PAN-AR - AS-119",Classroom,Classroom-AS-119,Research Datasets,,,1075,0,Yes,0,9,1.0.0,datasets,,,,Classroom,,"PAN-AR: A Multimodal Dataset of Higher-Order Ambisonics Room Impulse Responses, Ambient Noise and Spherical Pictures","F. Denti, D. Fantini, F. Avanziniand G. Presti, ‘PAN-AR: A Multimodal Dataset of Higher-Order Ambisonics Room Impulse Responses, Ambient Noise and Spherical Pictures’. Zenodo, Dec. 08, 2024. doi: 10.5281/zenodo.13134270.",https://doi.org/10.5281/zenodo.13134270,,
AS-120,AS-120,"Smoking Room, openAIR","Smoking Room, openAIR - AS-120",Smoking-Rm,Smoking-Rm-AS-120,openAIR Library,,,775,0,Yes,0,9,1.0.0,datasets,,,,Elveden Hall (Suffolk England) - v2,,openAIR Library,Attributed to www.openairlib.net,https://www.openair.hosted.york.ac.uk/,,
AS-121,AS-121,"Studio Theatre, openAIR","Studio Theatre, openAIR - AS-121",Studio,Studio-AS-121,openAIR Library,,,1119,0,Yes,0,9,1.0.0,datasets,,,,The Dixon Studio Theatre University of York - v2,,openAIR Library,Attributed to www.openairlib.net,https://www.openair.hosted.york.ac.uk/,,
AS-123,AS-123,"Lecture Theatre, openAIR","Lecture Theatre, openAIR - AS-123",Lecture,Lecture-AS-123,openAIR Library,,,1058,0,Yes,0,9,1.0.0,datasets,,,,"D/L/028 Hendrix Hall Derwent, University of York - v2",,openAIR Library,Attributed to www.openairlib.net,https://www.openair.hosted.york.ac.uk/,,
AS-124,AS-124,"Central Hall, openAIR","Central Hall, openAIR - AS-124",Hall,Hall-AS-124,openAIR Library,,,1059,0,Yes,0,9,1.0.0,datasets,,,,"Central Hall, University of York - v2",,openAIR Library,Attributed to www.openairlib.net,https://www.openair.hosted.york.ac.uk/,,
AS-125,AS-125,"Stairway and Corridor, RWTH","Stairway and Corridor, RWTH - AS-125",Stairway,Stairway-AS-125,Research Datasets,,,1009,0,Yes,0,9,1.0.0,datasets,,,,Stairway and Corridor at RWTH Aachen University,,The Aachen Impulse Response (AIR) database,"Marco Jeub, Magnus Schäfer, and Peter Vary, A Binaural Room Impulse Response Database for the Evaluation of Dereverberation Algorithms, Proceedings of International Conference on Digital Signal Processing (DSP), July 2009",https://www.iks.rwth-aachen.de/en/research/tools-downloads/databases/aachen-impulse-response-database/,,
AS-126,AS-126,"Meeting Room, RWTH Aachen","Meeting Room, RWTH Aachen - AS-126",Meeting-Rm,Meeting-Rm-AS-126,Research Datasets,Low Reverberation,,471,0,Yes,0,9,1.0.0,datasets,,,,Meeting Room at RWTH Aachen University,,The Aachen Impulse Response (AIR) database,"Marco Jeub, Magnus Schäfer, and Peter Vary, A Binaural Room Impulse Response Database for the Evaluation of Dereverberation Algorithms, Proceedings of International Conference on Digital Signal Processing (DSP), July 2009",https://www.iks.rwth-aachen.de/en/research/tools-downloads/databases/aachen-impulse-response-database/,,
AS-127,AS-127,"Lecture Room, RWTH Aachen","Lecture Room, RWTH Aachen - AS-127",Lecture,Lecture-AS-127,Research Datasets,,,800,0,Yes,0,9,1.0.0,datasets,,,,Lecture Room at RWTH Aachen University,,The Aachen Impulse Response (AIR) database,"Marco Jeub, Magnus Schäfer, and Peter Vary, A Binaural Room Impulse Response Database for the Evaluation of Dereverberation Algorithms, Proceedings of International Conference on Digital Signal Processing (DSP), July 2009",https://www.iks.rwth-aachen.de/en/research/tools-downloads/databases/aachen-impulse-response-database/,,
AS-128,AS-128,"Factory, openAIR","Factory, openAIR - AS-128",Factory,Factory-AS-128,openAIR Library,,,1769,0,Yes,0,9,1.0.0,datasets,,,,Terry's Typing Room,,openAIR Library,Attributed to www.openairlib.net,https://www.openair.hosted.york.ac.uk/,,
AS-129,AS-129,"Concert Hall, Pori (short)","Concert Hall, Pori (short) - AS-129",Concert,Concert-AS-129,Research Datasets,,,1867,0,Yes,0,9,1.0.0,datasets,,,,"Promenadikeskus concert hall in Pori, Finland",,"Concert Hall Impulse Responses - Pori, Finland","Merimaa, J., Peltonen, T., & Lokki, T. (2005). Concert Hall Impulse Responses – Promenadikeskus, Pori, Finland. Helsinki University of Technology (TKK), Laboratory of Acoustics.
Dataset available for non-commercial research use. ",http://legacy.spa.aalto.fi/projects/poririrs/,,
AS-130,AS-130,"Concert Hall, Pori (long)","Concert Hall, Pori (long) - AS-130",Concert,Concert-AS-130,Research Datasets,,,2264,0,No,0,9,1.0.0,datasets,,,,"Promenadikeskus concert hall in Pori, Finland",,"Concert Hall Impulse Responses - Pori, Finland","Merimaa, J., Peltonen, T., & Lokki, T. (2005). Concert Hall Impulse Responses – Promenadikeskus, Pori, Finland. Helsinki University of Technology (TKK), Laboratory of Acoustics.
Dataset available for non-commercial research use. ",http://legacy.spa.aalto.fi/projects/poririrs/,,
AS-133,AS-133,"Listening Room, BBC R&D","Listening Room, BBC R&D - AS-133",Listening-Rm,Listening-Rm-AS-133,Research Datasets,Low Reverberation,,226,0,Yes,0,9,1.0.0,datasets,,,,"BBC R&D listening room in Salford, UK ",,bbcrd-brirs,"C. Pike and M. Romanov, “An impulse response dataset for dynamic data-based auralisation of advanced sound systems,” 142nd AES Convention, 2017. ",https://github.com/bbc/bbcrd-brirs,,
AS-135,AS-135,"Seminar Room, BRAS","Seminar Room, BRAS - AS-135",Seminar-Rm,Seminar-Rm-AS-135,Research Datasets,,,1464,0,Yes,0,9,1.0.0,datasets,,,,Small seminar room at Aachen University ,,Benchmark for Room Acoustical Simulation (BRAS) ,"Aspöck, L., Vorländer, M., Brinkmann, F., Ackermann, D., & Weinzierl, S. (2020).
Benchmark for Room Acoustical Simulation (BRAS): Documentation of the database.
RWTH Aachen University, Institute of Technical Acoustics; TU Berlin, Audio Communication Group. ",https://doi.org/10.14279/depositonce-6726.3,,
AS-136,AS-136,"Chamber Music Hall, BRAS ","Chamber Music Hall, BRAS  - AS-136",Chamber-Hall,Chamber-Hall-AS-136,Research Datasets,,,1285,0,Yes,0,9,1.0.0,datasets,,,,Small hall of the Konzerthaus Berlin ,,Benchmark for Room Acoustical Simulation (BRAS) ,"Aspöck, L., Vorländer, M., Brinkmann, F., Ackermann, D., & Weinzierl, S. (2020).
Benchmark for Room Acoustical Simulation (BRAS): Documentation of the database.
RWTH Aachen University, Institute of Technical Acoustics; TU Berlin, Audio Communication Group. ",https://doi.org/10.14279/depositonce-6726.3,,
AS-137,AS-137,"Auditorium Maximum, BRAS ","Auditorium Maximum, BRAS  - AS-137",Auditorium,Auditorium-AS-137,Research Datasets,,,1802,0,No,0,9,1.0.0,datasets,,,,Auditorium Maximum at TU Berlin ,,Benchmark for Room Acoustical Simulation (BRAS) ,"Aspöck, L., Vorländer, M., Brinkmann, F., Ackermann, D., & Weinzierl, S. (2020).
Benchmark for Room Acoustical Simulation (BRAS): Documentation of the database.
RWTH Aachen University, Institute of Technical Acoustics; TU Berlin, Audio Communication Group. ",https://doi.org/10.14279/depositonce-6726.3,,
AS-138,AS-138,"Concert Hall, Huddersfield","Concert Hall, Huddersfield – AS-138",Concert,Concert-AS-138,Research Datasets,,,2227,0,No,0,9,1.0.0,datasets,,,,"Concert hall in Huddersfield, UK",Derived from RIR measurements,360° Binaural Room Impulse Response (BRIR) Database for 6DOF spatial perception research,"Bacila, B. I., & Lee, H. (2019). 360° Binaural Room Impulse Response (BRIR) Database for 6DOF Spatial Perception Research. Presented at the Audio Engineering Society Convention 146, Dublin, e-Brief 513 ",https://doi.org/10.5281/zenodo.2641166,,
AS-139,AS-139,"Living Room, CvO","Living Room, CvO – AS-139",Living-Rm,Living-Rm-AS-139,Research Datasets,,,539,0,Yes,0,9,1.0.0,datasets,,,,Living room laboratory at the CvO university Oldenburg ,,Living room environment,"J. Schütze, C. Kirsch, K. C. Wagener, B. Kollmeierand S. D. Ewert, ‘Living room environment’. Zenodo, Sep. 28, 2021. doi: 10.5281/zenodo.5747753. ",https://doi.org/10.5281/zenodo.5747753,,
AS-140,AS-140,Large Hall,Large Hall – AS-140,Large-Hall,Large-Hall-AS-140,Research Datasets,,,1049,0,Yes,60,9,1.0.0,datasets,,,,Large reverberant empty hall,,Dataset of Room Impulse Responses from Baffled Microphone Arrays and Sound Sources at Three Elevations,"H. Helmholz, ‘Dataset of Room Impulse Responses from Baffled Microphone Arrays and Sound Sources at Three Elevations’. Zenodo, May 15, 2024. doi: 10.5281/zenodo.11199830. ",https://doi.org/10.5281/zenodo.11199830,,
AS-141,AS-141,Lab (Dry),Lab (Dry) – AS-141,Lab-Dry,Lab-Dry-AS-141,Research Datasets,Low Reverberation,,232,0,Yes,0,9,1.0.0,datasets,,,,Acoustically damped laboratory with an additional porous absorber ,,Dataset of Room Impulse Responses from Baffled Microphone Arrays and Sound Sources at Three Elevations,"H. Helmholz, ‘Dataset of Room Impulse Responses from Baffled Microphone Arrays and Sound Sources at Three Elevations’. Zenodo, May 15, 2024. doi: 10.5281/zenodo.11199830. ",https://doi.org/10.5281/zenodo.11199830,,
AS-142,AS-142,Lab (Wet),Lab (Wet) – AS-142,Lab-Wet,Lab-Wet-AS-142,Research Datasets,Low Reverberation,,228,0,Yes,0,9,1.0.0,datasets,,,,Acoustically damped laboratory,,Dataset of Room Impulse Responses from Baffled Microphone Arrays and Sound Sources at Three Elevations,"H. Helmholz, ‘Dataset of Room Impulse Responses from Baffled Microphone Arrays and Sound Sources at Three Elevations’. Zenodo, May 15, 2024. doi: 10.5281/zenodo.11199830. ",https://doi.org/10.5281/zenodo.11199830,,
AS-143,AS-143,"Auditorium, NBI","Auditorium, NBI – AS-143",Auditorium,Auditorium-AS-143,Research Datasets,,,813,0,Yes,0,9,1.0.0,datasets,,,,"Auditorium A, in the Niels Bohr Institute, Copenhagen ",Derived from RIR measurements,Room Impulse Response Dataset: Niels Bohr Institute - Auditorium A,"A. Figueroa-Duran, X. Karakonstantis, S. A. Verburgand E. Fernandez-Grande, ‘Room Impulse Response Dataset: Niels Bohr Institute - Auditorium A’. Zenodo, Nov. 24, 2024. doi: 10.5281/zenodo.14212820. ",https://doi.org/10.5281/zenodo.14212820,,
AS-144,AS-144,"Historic Building, York","Historic Building, York – AS-144",Historic-Rm,Historic-Rm-AS-144,Research Datasets,,,4400,0,No,0,9,1.0.0,datasets,,,,York Minster's Chapter House,,The Acoustic Environment of York Minster's Chapter House,"L. Álvarez-Morales, M. Lopezand Á. Álvarez-Corbacho, ‘The Acoustic Environment of York Minster's Chapter House’. Zenodo, Sep. 21, 2020. doi: 10.5281/zenodo.4040994.",https://doi.org/10.5281/zenodo.4040994,,
AS-145,AS-145,"Theatre, York","Theatre, York – AS-145",Theatre,Theatre-AS-145,openAIR Library,,,744,0,Yes,100,9,1.0.0,datasets,,,,"Theatre@41, York",,openAIR Library,Attributed to www.openairlib.net,https://www.openair.hosted.york.ac.uk/,,
AS-146,AS-146,"Acoustics Lab, Aalto University","Acoustics Lab, Aalto University - AS-146",Ac-Lab,Ac-Lab-AS-146,Research Datasets,,,527,0,Yes,100,9,1.0.0,datasets,,,,"Arni variable acoustics room at the Acoustics Lab, Aalto University, Espoo, Finland - 25% Absorbers",,Dataset of Spatial Room Impulse Responses in a Variable Acoustics Room for Six Degrees-of-Freedom Rendering and Analysis,"Thomas McKenzie, Leo McCormackand Christoph Hold, ‘Dataset of Spatial Room Impulse Responses in a Variable Acoustics Room for Six Degrees-of-Freedom Rendering and Analysis’. Zenodo, Mar. 24, 2022. doi: 10.5281/zenodo.6382405.",,,
AS-147,AS-147,"Acoustics Lab, Aalto University","Acoustics Lab, Aalto University - AS-147",Ac-Lab,Ac-Lab-AS-147,Research Datasets,,,792,0,Yes,100,9,1.0.0,datasets,,,,"Arni variable acoustics room at the Acoustics Lab, Aalto University, Espoo, Finland - No Absorbers",,Dataset of Spatial Room Impulse Responses in a Variable Acoustics Room for Six Degrees-of-Freedom Rendering and Analysis,"Thomas McKenzie, Leo McCormackand Christoph Hold, ‘Dataset of Spatial Room Impulse Responses in a Variable Acoustics Room for Six Degrees-of-Freedom Rendering and Analysis’. Zenodo, Mar. 24, 2022. doi: 10.5281/zenodo.6382405.",,,
